Id,SalePrice,,Id,SalePrice,,Id,SalePrice
1461,119993.528,,1461,123096.1735,,1461,118787.4877
1462,160505.5055,,1462,142307.8184,,1462,142209.0523
1463,186796.6668,,1463,146319.8262,,1463,145194.4113
1464,196605.9397,,1464,182199.0749,,1464,179077.5707
1465,192247.0339,,1465,210291.1234,,1465,199939.5057
1466,172216.0819,,1466,185140.7485,,1466,181805.2135
1467,178309.2699,,1467,163395.0646,,1467,166343.8805
1468,162958.7536,,1468,177153.6359,,1468,176400.509
1469,183305.3184,,1469,183372.0231,,1469,182678.4454
1470,122375.2639,,1470,119306.0231,,1470,122848.7524
1471,195672.9321,,1471,183158.5922,,1471,185862.4743
1472,94960.02492,,1472,90152.82858,,1472,89627.02861
1473,94709.81153,,1473,90114.3454,,1473,82852.25317
1474,146456.8198,,1474,152579.7434,,1474,151375.9665
1475,112558.4935,,1475,145980.0326,,1475,149153.9236
1476,381531.1492,,1476,436181.8551,,1476,475606.8281
1477,248345.0999,,1477,242013.7742,,1477,249760.3463
1478,281941.301,,1478,317047.6674,,1478,326134.4653
1479,283382.8941,,1479,298969.5815,,1479,294493.7558
1480,495990.276,,1480,430993.4844,,1480,452334.914
1481,318240.9253,,1481,350486.1011,,1481,373302.8916
1482,206352.8139,,1482,213011.9943,,1482,213011.9943
1483,178381.4153,,1483,173715.0487,,1483,169139.0344
1484,165548.2394,,1484,182807.1919,,1484,178285.9734
1485,183376.1062,,1485,171083.8415,,1485,163708.9013
1486,196813.8898,,1486,214047.4951,,1486,208084.7756
1487,337843.54,,1487,345435.2305,,1487,356813.4709
1488,228867.1317,,1488,267169.1681,,1488,275833.2584
1489,197647.9734,,1489,199164.8842,,1489,198304.3229
1490,236136.4931,,1490,197421.9581,,1490,192025.9045
1491,193855.2017,,1491,186089.5393,,1491,184658.7498
1492,91578.58077,,1492,102331.4697,,1492,103842.0018
1493,178566.6389,,1493,175043.8994,,1493,173226.2916
1494,293864.0477,,1494,291732.535,,1494,289442.102
1495,286982.4812,,1495,311500.5055,,1495,311695.2702
1496,239791.5172,,1496,220260.1258,,1496,208187.3826
1497,182146.2147,,1497,189757.5759,,1497,180012.002
1498,165394.6703,,1498,158011.7983,,1498,150286.9211
1499,158973.3095,,1499,158011.7983,,1499,150286.9211
1500,154391.7147,,1500,154221.4699,,1500,158807.9468
1501,175611.2,,1501,170214.7092,,1501,170953.9913
1502,143612.3158,,1502,146703.4961,,1502,146660.4447
1503,295051.435,,1503,314484.8483,,1503,349213.4716
1504,239758.9601,,1504,222311.2822,,1504,216296.9109
1505,225209.3169,,1505,229807.3377,,1505,216974.7829
1506,187029.8481,,1506,224758.7531,,1506,221559.3132
1507,254782.0152,,1507,176275.9171,,1507,198245.9693
1508,197899.6818,,1508,131631.0475,,1508,138787.1118
1509,159035.9231,,1509,163929.3353,,1509,163289.1194
1510,144429.5274,,1510,134808.2438,,1510,141389.478
1511,151560.1128,,1511,141795.887,,1511,144424.2718
1512,172391.9066,,1512,139337.396,,1512,144964.5176
1513,141391.3081,,1513,158876.8146,,1513,158133.737
1514,159575.0561,,1514,126925.8344,,1514,130413.531
1515,199216.7749,,1515,170282.243,,1515,180889.7254
1516,152006.7496,,1516,137999.4617,,1516,134611.3926
1517,162967.793,,1517,149949.4318,,1517,143016.9979
1518,130137.4004,,1518,160187.9527,,1518,182643.3358
1519,218121.2305,,1519,214885.4796,,1519,206848.833
1520,131049.4716,,1520,138037.7597,,1520,138603.0246
1521,135175.6682,,1521,143626.2193,,1521,139869.5722
1522,172697.5475,,1522,174331.0563,,1522,178493.5748
1523,111606.3499,,1523,110631.0427,,1523,102125.0644
1524,125604.7168,,1524,86243.26494,,1524,108745.3616
1525,122458.1114,,1525,120970.8579,,1525,124911.0153
1526,110903.0616,,1526,117965.4415,,1526,108298.1303
1527,102371.768,,1527,92211.27937,,1527,80700.52361
1528,133284.058,,1528,126144.5015,,1528,122973.4261
1529,150227.0264,,1529,143974.1961,,1529,144500.2897
1530,173197.0218,,1530,148893.6071,,1530,165820.1245
1531,104919.9137,,1531,107008.7626,,1531,98894.28112
1532,94883.50491,,1532,125176.9012,,1532,118316.0813
1533,147225.8849,,1533,130422.8679,,1533,132509.8285
1534,124973.0717,,1534,122550.9908,,1534,123747.5807
1535,152198.0681,,1535,140535.536,,1535,132040.7033
1536,106998.139,,1536,106186.3989,,1536,120440.5372
1537,59658.13066,,1537,65446.92206,,1537,61529.46556
1538,146771.9085,,1538,171161.5171,,1538,170661.5046
1539,190157.576,,1539,237170.5161,,1539,229706.3244
1540,95744.25056,,1540,143059.3832,,1540,130921.0802
1541,142239.8181,,1541,148048.0411,,1541,128925.0582
1542,142466.3289,,1542,140044.9789,,1542,137430.9375
1543,199594.568,,1543,205123.7676,,1543,197489.7553
1544,81896.6852,,1544,81880.8676,,1544,81344.41137
1545,109764.4667,,1545,93680.05944,,1545,101634.826
1546,133689.2563,,1546,124988.5877,,1546,125190.5533
1547,136312.1345,,1547,125275.5845,,1547,105314.132
1548,137272.1151,,1548,113519.0646,,1548,126113.4743
1549,115505.9158,,1549,88260.00942,,1549,85938.86982
1550,135827.8922,,1550,144896.3278,,1550,133861.4715
1551,109390.1711,,1551,112801.2441,,1551,107304.0128
1552,138216.3278,,1552,116625.4079,,1552,124961.0754
1553,152551.957,,1553,132651.5799,,1553,161101.3511
1554,110911.6231,,1554,139467.0698,,1554,128324.4777
1555,163331.2854,,1555,135280.4875,,1555,153848.1571
1556,83474.45134,,1556,111693.8965,,1556,110688.5642
1557,109518.0974,,1557,116598.0563,,1557,140350.9634
1558,99808.68385,,1558,102015.3081,,1558,96328.17187
1559,69795.06016,,1559,110545.9379,,1559,120351.4069
1560,132479.4697,,1560,130272.007,,1560,130626.0086
1561,131649.0861,,1561,151872.2526,,1561,139953.8794
1562,129581.9347,,1562,108956.5688,,1562,112217.406
1563,120106.1762,,1563,118773.82,,1563,112658.2351
1564,162919.6875,,1564,167444.3356,,1564,161963.2558
1565,145321.7096,,1565,144491.6332,,1565,124674.3654
1566,233605.5899,,1566,142635.025,,1566,177337.0749
1567,75928.7946,,1567,75090.47317,,1567,79719.82275
1568,234237.911,,1568,167868.0733,,1568,195625.8667
1569,133796.3226,,1569,112752.6183,,1569,110203.3317
1570,133193.6476,,1570,127347.2953,,1570,130788.3482
1571,117890.8151,,1571,135381.8479,,1571,114869.0677
1572,146448.7362,,1572,129259.9497,,1572,130698.3051
1573,244651.627,,1573,215348.8929,,1573,219221.8744
1574,116782.371,,1574,163298.0173,,1574,167868.2255
1575,218824.0002,,1575,184877.3884,,1575,190230.6031
1576,245097.8508,,1576,191975.6976,,1576,184718.0116
1577,186943.1939,,1577,198981.0771,,1577,197077.4457
1578,143245.2906,,1578,121468.5404,,1578,135484.8568
1579,146276.561,,1579,140005.6267,,1579,123492.3215
1580,193842.4046,,1580,174170.9816,,1580,168118.1668
1581,152725.4565,,1581,142330.8018,,1581,145430.4528
1582,123744.6047,,1582,122332.17,,1582,126019.0677
1583,308025.2771,,1583,322922.0306,,1583,336909.6024
1584,225010.5554,,1584,243285.9329,,1584,245387.5261
1585,139935.3327,,1585,138970.5664,,1585,137325.6121
1586,68391.89199,,1586,63479.86796,,1586,63235.25125
1587,98747.4573,,1587,115956.2019,,1587,116687.7141
1588,149580.0511,,1588,142290.6494,,1588,137704.4634
1589,100497.492,,1589,98813.65509,,1589,88596.09586
1590,135108.0873,,1590,147899.0725,,1590,139879.5346
1591,93536.53954,,1591,114923.6108,,1591,117206.3249
1592,120794.9273,,1592,118243.9705,,1592,114720.0315
1593,125158.7909,,1593,111965.8504,,1593,109630.5219
1594,132030.6064,,1594,157208.5363,,1594,145881.8657
1595,107377.4885,,1595,148786.6019,,1595,146595.9814
1596,232855.701,,1596,257703.6765,,1596,253139.6073
1597,191250.6737,,1597,171036.1323,,1597,167257.5333
1598,216750.4438,,1598,186458.1206,,1598,176742.8393
1599,165492.7707,,1599,174008.2802,,1599,188024.701
1600,163224.1385,,1600,185565.746,,1600,191008.4879
1601,63938.3422,,1601,56061.39242,,1601,50010.63418
1602,113179.9651,,1602,113258.5577,,1602,114687.2983
1603,80741.75392,,1603,97400.27593,,1603,82280.21713
1604,262262.5734,,1604,269301.7187,,1604,274030.5891
1605,238768.2396,,1605,237937.9316,,1605,251063.2178
1606,170929.5818,,1606,160605.5309,,1606,151218.8197
1607,167676.9551,,1607,209409.5855,,1607,210227.2299
1608,216659.9807,,1608,217675.2347,,1608,191049.488
1609,185219.6366,,1609,199797.2725,,1609,199227.554
1610,150399.6979,,1610,168473.6094,,1610,157144.4034
1611,137719.938,,1611,169652.8177,,1611,162126.3635
1612,169456.6351,,1612,175539.2333,,1612,163323.7087
1613,165624.0316,,1613,165603.0916,,1613,148353.8378
1614,122512.7664,,1614,121614.1867,,1614,127752.1635
1615,88933.3195,,1615,80299.99293,,1615,80922.79517
1616,74466.37486,,1616,80299.99293,,1616,80922.79517
1617,92327.3653,,1617,80470.12225,,1617,82234.95294
1618,126128.3156,,1618,124366.5301,,1618,119340.7109
1619,140106.1538,,1619,117534.8616,,1619,118953.3332
1620,153540.7021,,1620,177157.9877,,1620,181136.5565
1621,139711.5069,,1621,126601.985,,1621,127568.2412
1622,139583.6937,,1622,130266.1188,,1622,141803.9762
1623,258781.7233,,1623,300300.169,,1623,291127.5033
1624,212697.1397,,1624,187144.9127,,1624,191673.4275
1625,118853.3837,,1625,100858.9071,,1625,115577.8332
1626,164942.9368,,1626,170128.072,,1626,173903.4337
1627,194080.3982,,1627,180154.1051,,1627,178892.8904
1628,273006.6002,,1628,267655.2012,,1628,258258.7454
1629,177943.1324,,1629,182738.5381,,1629,164168.119
1630,369211.1471,,1630,330532.5302,,1630,331652.0218
1631,222715.5397,,1631,258020.3971,,1631,257097.6815
1632,240496.4097,,1632,288399.6926,,1632,297796.9937
1633,168383.0144,,1633,169368.4387,,1633,161109.809
1634,186234.7364,,1634,186454.2119,,1634,177517.124
1635,175406.1134,,1635,173901.224,,1635,168906.0476
1636,154093.3727,,1636,163395.0646,,1636,160287.0665
1637,202737.7073,,1637,166134.2754,,1637,144047.7129
1638,180366.209,,1638,214761.6174,,1638,261464.8337
1639,185810.0955,,1639,181950.9016,,1639,202084.6722
1640,259292.5634,,1640,263565.5799,,1640,263518.8853
1641,178959.4094,,1641,177653.4237,,1641,193909.3352
1642,235379.5002,,1642,223515.8839,,1642,220023.6913
1643,217836.9995,,1643,242269.0928,,1643,260271.2942
1644,232281.2118,,1644,227019.2023,,1644,219102.4472
1645,198128.2974,,1645,173702.3827,,1645,155541.3455
1646,157997.8326,,1646,125998.3275,,1646,129700.2171
1647,156977.1604,,1647,166093.674,,1647,171346.8148
1648,130749.4224,,1648,154710.7611,,1648,150029.0642
1649,138995.2217,,1649,144258.7029,,1649,145414.268
1650,112012.8557,,1650,120886.9763,,1650,119129.3631
1651,121349.0239,,1651,110197.8539,,1651,106020.6211
1652,96153.12597,,1652,90029.50221,,1652,92903.29159
1653,98372.33574,,1653,105208.1612,,1653,105941.9172
1654,144311.1472,,1654,159173.0375,,1654,159511.9486
1655,139335.4819,,1655,150197.3528,,1655,153280.5499
1656,142626.2694,,1656,152146.7609,,1656,148315.9829
1657,146898.8078,,1657,152291.882,,1657,151753.168
1658,142809.8575,,1658,146745.5483,,1658,149467.2082
1659,119433.3911,,1659,145980.0326,,1659,147493.9296
1660,153662.7714,,1660,140048.524,,1660,138748.3981
1661,464278.2297,,1661,449634.7884,,1661,454256.5979
1662,399691.9419,,1662,375233.6499,,1662,364451.5263
1663,390255.9172,,1663,397632.5125,,1663,377283.3962
1664,491322.5205,,1664,484869.611,,1664,455115.1148
1665,309942.0401,,1665,365382.5685,,1665,359332.5411
1666,327758.577,,1666,254109.7233,,1666,276592.111
1667,383206.333,,1667,308958.7142,,1667,329623.5291
1668,345167.3293,,1668,365382.5685,,1668,359332.5411
1669,295447.2115,,1669,271554.2054,,1669,265167.3339
1670,354296.7707,,1670,287994.8991,,1670,309833.3843
1671,262721.9708,,1671,252180.5349,,1671,254826.133
1672,445019.811,,1672,415593.1028,,1672,432720.9638
1673,289085.1006,,1673,289932.6251,,1673,302802.1482
1674,240575.0346,,1674,238549.1243,,1674,252139.3635
1675,195775.286,,1675,181467.6265,,1675,188729.7127
1676,195591.3056,,1676,187009.6059,,1676,189206.9401
1677,221888.2939,,1677,218336.0048,,1677,210564.1552
1678,471554.2615,,1678,411730.0619,,1678,430567.7947
1679,393006.3986,,1679,313490.0854,,1679,314267.3416
1680,345137.7038,,1680,336509.3672,,1680,350088.1361
1681,247247.8432,,1681,268137.5984,,1681,260368.4457
1682,300853.6806,,1682,279158.5551,,1682,277341.9015
1683,182070.2063,,1683,176456.9969,,1683,180302.7304
1684,172068.1305,,1684,173117.8329,,1684,185486.0736
1685,171415.7508,,1685,173807.587,,1685,174247.8184
1686,167898.882,,1686,180432.6607,,1686,183770.5367
1687,167892.7578,,1687,171083.8415,,1687,163708.9013
1688,191853.7787,,1688,187409.5117,,1688,173639.166
1689,192478.2302,,1689,187880.9686,,1689,175543.6495
1690,193262.7465,,1690,181764.0775,,1690,177135.2123
1691,180869.9225,,1691,162615.1851,,1691,162640.7646
1692,260401.8274,,1692,213831.6809,,1692,245219.2073
1693,166743.2088,,1693,171083.8415,,1693,163708.9013
1694,181620.8355,,1694,180898.2178,,1694,176131.302
1695,162884.7801,,1695,175167.3207,,1695,174793.4039
1696,269384.6092,,1696,272918.8664,,1696,281054.6451
1697,168245.5152,,1697,175167.3207,,1697,174793.4039
1698,360835.6778,,1698,316975.0765,,1698,312862.8465
1699,318898.9165,,1699,363138.0955,,1699,342224.6224
1700,253419.2194,,1700,235062.5787,,1700,254960.983
1701,267623.5423,,1701,275829.2331,,1701,249821.194
1702,247336.8951,,1702,268019.5644,,1702,306229.998
1703,247299.8228,,1703,361420.522,,1703,332415.6763
1704,279208.8813,,1704,300468.1638,,1704,298272.5893
1705,232800.7384,,1705,294800.3861,,1705,355095.0039
1706,440920.2106,,1706,469132.6969,,1706,449407.6506
1707,217939.5557,,1707,220845.7161,,1707,215749.6203
1708,207102.0728,,1708,214084.3605,,1708,214972.9509
1709,267290.9893,,1709,266606.0756,,1709,260926.0125
1710,219647.1133,,1710,227562.8519,,1710,236870.35
1711,268126.5526,,1711,230192.7777,,1711,227925.9282
1712,264155.5218,,1712,270446.2161,,1712,258020.8124
1713,276521.0611,,1713,239417.2618,,1713,239183.5882
1714,223724.3499,,1714,209209.2625,,1714,211092.4027
1715,204517.323,,1715,183426.9551,,1715,187027.8942
1716,184394.715,,1716,187473.4686,,1716,197159.9136
1717,170415.348,,1717,182807.1919,,1717,178285.9734
1718,134311.4157,,1718,163355.8218,,1718,158124.9387
1719,201009.3616,,1719,208905.1215,,1719,209117.6181
1720,237887.308,,1720,263025.757,,1720,251054.6807
1721,165264.31,,1721,158928.4412,,1721,155549.4117
1722,125897.5079,,1722,158826.9247,,,
1723,154645.1902,,1723,158422.7633,,,
1724,209681.7929,,1724,220845.7161,,,
1725,240223.07,,1725,236863.6934,,,
1726,186696.8796,,1726,192650.4326,,,
1727,158922.26,,1727,168908.6301,,,
1728,175582.4254,,1728,184197.8455,,,
1729,169738.2006,,1729,176366.0407,,,
1730,156331.7026,,1730,182001.7586,,,
1731,121406.9008,,1731,132283.37,,,
1732,127008.874,,1732,125421.3804,,,
1733,117236.3528,,1733,125421.3804,,,
1734,121131.4555,,1734,128641.4446,,,
1735,126563.7534,,1735,131880.9545,,,
1736,111331.82,,1736,131880.9545,,,
1737,285404.7293,,1737,301505.5123,,,
1738,237117.6352,,1738,211431.5738,,,
1739,267457.4842,,1739,305447.8932,,,
1740,224821.7246,,1740,194409.1031,,,
1741,192941.9245,,1741,198793.6403,,,
1742,173452.3132,,1742,170214.7092,,,
1743,175659.2372,,1743,174154.1317,,,
1744,307748.2747,,1744,236708.8096,,,
1745,222611.0911,,1745,267082.7572,,,
1746,175132.1604,,1746,321968.8868,,,
1747,211881.939,,1747,222895.7819,,,
1748,226877.301,,1748,182677.9487,,,
1749,147663.9496,,1749,163794.824,,,
1750,125767.4331,,1750,146051.0401,,,
1751,244481.3561,,1751,241700.4749,,,
1752,117386.3775,,1752,96023.34348,,,
1753,148739.757,,1753,150560.3162,,,
1754,185733.3004,,1754,216716.2178,,,
1755,169029.5346,,1755,162295.9289,,,
1756,127074.7586,,1756,112697.384,,,
1757,122319.2397,,1757,123133.6638,,,
1758,144676.3231,,1758,126992.3582,,,
1759,160805.8298,,1759,142742.3433,,,
1760,166412.7025,,1760,153006.6023,,,
1761,144086.3012,,1761,163298.0173,,,
1762,180889.9408,,1762,162650.4418,,,
1763,175924.5899,,1763,185755.1779,,,
1764,113243.5401,,1764,122021.3208,,,
1765,164934.6027,,1765,167979.9805,,,
1766,182799.3697,,1766,159538.6135,,,
1767,222486.7055,,1767,181175.8529,,,
1768,142569.4287,,1768,130178.278,,,
1769,173553.3527,,1769,208413.8377,,,
1770,148334.4719,,1770,123665.1664,,,
1771,122715.4082,,1771,134381.859,,,
1772,133461.6528,,1772,149590.5944,,,
1773,127214.7825,,1773,125126.0491,,,
1774,140665.262,,1774,164846.6447,,,
1775,138176.1177,,1775,138030.928,,,
1776,123678.7836,,1776,133190.9601,,,
1777,115056.857,,1777,109542.0688,,,
1778,138336.4548,,1778,88114.5156,,,
1779,117104.8399,,1779,129086.0502,,,
1780,173731.3285,,1780,158270.0882,,,
1781,129329.8367,,1781,129347.5466,,,
1782,85555.40868,,1782,83683.0532,,,
1783,142478.9506,,1783,128736.3851,,,
1784,104697.4958,,1784,67950.31034,,,
1785,123415.9321,,1785,104500.9677,,,
1786,133377.8608,,1786,128624.6411,,,
1787,163611.5889,,1787,153122.2537,,,
1788,56528.50897,,1788,62794.50617,,,
1789,96153.96822,,1789,95538.33577,,,
1790,76381.67699,,1790,48985.15696,,,
1791,181026.7452,,1791,170130.4058,,,
1792,161331.3309,,1792,172012.3497,,,
1793,127719.6633,,1793,150357.6206,,,
1794,149957.3476,,1794,122679.8045,,,
1795,135052.1333,,1795,146831.8465,,,
1796,118703.676,,1796,144479.325,,,
1797,113395.6346,,1797,118187.2087,,,
1798,123081.9376,,1798,131739.4258,,,
1799,108761.408,,1799,90522.99636,,,
1800,131076.0221,,1800,144045.5541,,,
1801,129351.5624,,1801,118191.6389,,,
1802,126794.8361,,1802,134868.6521,,,
1803,146146.4039,,1803,154740.5903,,,
1804,143610.3478,,1804,132939.0685,,,
1805,135907.077,,1805,140739.6762,,,
1806,121887.1438,,1806,119998.1801,,,
1807,129485.6082,,1807,124066.4693,,,
1808,119350.6195,,1808,111882.3738,,,
1809,121558.5947,,1809,132566.5241,,,
1810,140266.2612,,1810,140544.0661,,,
1811,97587.47689,,1811,110525.2816,,,
1812,98503.00451,,1812,131720.5125,,,
1813,123205.7697,,1813,127906.8188,,,
1814,97585.71587,,1814,84720.30856,,,
1815,51432.16709,,1815,66127.03562,,,
1816,99297.64976,,1816,100771.1618,,,
1817,109450.5943,,1817,115414.9692,,,
1818,146776.33,,1818,137065.913,,,
1819,121657.7138,,1819,129672.3399,,,
1820,54962.58958,,1820,75982.66859,,,
1821,109935.6279,,1821,151830.8984,,,
1822,148533.7254,,1822,134787.4836,,,
1823,45708.95379,,1823,64414.55537,,,
1824,132997.6088,,1824,142207.2119,,,
1825,131498.426,,1825,150650.7834,,,
1826,102528.7559,,1826,110204.7951,,,
1827,101182.2691,,1827,102382.2701,,,
1828,135304.5072,,1828,136696.7064,,,
1829,117639.9279,,1829,105358.1789,,,
1830,143796.0618,,1830,168620.1576,,,
1831,142708.9549,,1831,177421.6071,,,
1832,77069.55099,,1832,167989.8411,,,
1833,139789.22,,1833,178182.1867,,,
1834,116716.038,,1834,142686.7632,,,
1835,119091.9605,,1835,140823.2527,,,
1836,127662.225,,1836,156563.9976,,,
1837,90417.65642,,1837,90323.30653,,,
1838,122556.2496,,1838,138608.7673,,,
1839,93686.43022,,1839,73915.40479,,,
1840,148371.7863,,1840,170984.319,,,
1841,137584.2658,,1841,147196.7391,,,
1842,84960.09786,,1842,86515.04844,,,
1843,128958.4337,,1843,136352.3077,,,
1844,133604.065,,1844,147225.1516,,,
1845,137067.8987,,1845,154409.6087,,,
1846,154681.379,,1846,148446.9693,,,
1847,163226.205,,1847,150701.7738,,,
1848,52147.48743,,1848,69462.9132,,,
1849,112935.4797,,1849,149405.2968,,,
1850,116213.8263,,1850,136841.0503,,,
1851,155574.1279,,1851,127879.9881,,,
1852,125280.4939,,1852,138032.7634,,,
1853,128433.6199,,1853,130451.5855,,,
1854,169957.3748,,1854,153746.0451,,,
1855,150377.8436,,1855,163961.8436,,,
1856,221591.4956,,1856,222700.6571,,,
1857,155669.6644,,1857,125434.4788,,,
1858,140248.3821,,1858,162126.1163,,,
1859,116422.961,,1859,134197.196,,,
1860,150398.4117,,1860,153219.0628,,,
1861,116695.0029,,1861,134197.196,,,
1862,299290.0022,,1862,294230.1268,,,
1863,283143.8887,,1863,294230.1268,,,
1864,283286.9717,,1864,294230.1268,,,
1865,337135.2961,,1865,321584.0899,,,
1866,337357.6597,,1866,348327.2075,,,
1867,230993.6495,,1867,236995.9024,,,
1868,303130.8788,,1868,288220.1727,,,
1869,202253.5732,,1869,181455.5983,,,
1870,227878.2187,,1870,202460.9315,,,
1871,245588.0604,,1871,242405.0599,,,
1872,171824.3699,,1872,170517.8048,,,
1873,241454.0349,,1873,213485.6339,,,
1874,147374.4419,,1874,135885.5967,,,
1875,200674.4309,,1875,192523.0346,,,
1876,198321.0537,,1876,209262.452,,,
1877,212008.6017,,1877,191232.421,,,
1878,204358.7827,,1878,224490.7405,,,
1879,128357.7932,,1879,131513.6669,,,
1880,132644.5733,,1880,132781.3826,,,
1881,246732.4627,,1881,221500.1173,,,
1882,249138.7523,,1882,273116.0826,,,
1883,189435.508,,1883,188528.8225,,,
1884,207404.2939,,1884,219060.6951,,,
1885,237377.2012,,1885,259438.0663,,,
1886,288238.6839,,1886,299686.5788,,,
1887,209940.4639,,1887,181064.7547,,,
1888,270793.6401,,1888,261006.1917,,,
1889,166219.2773,,1889,164973.5318,,,
1890,119111.3567,,1890,133181.2315,,,
1891,130202.136,,1891,144514.893,,,
1892,99191.78031,,1892,113998.7326,,,
1893,130064.9045,,1893,129438.63,,,
1894,127106.8095,,1894,140294.6859,,,
1895,134483.457,,1895,168251.985,,,
1896,126246.8949,,1896,120376.9321,,,
1897,114600.7541,,1897,122049.4568,,,
1898,110519.3048,,1898,104479.7787,,,
1899,155147.0941,,1899,120251.8857,,,
1900,145607.1046,,1900,153337.1505,,,
1901,173280.3661,,1901,136788.6028,,,
1902,151584.3587,,1902,132785.9384,,,
1903,212525.8172,,1903,250387.3657,,,
1904,141394.2021,,1904,114783.2768,,,
1905,199442.3049,,1905,167900.3129,,,
1906,162855.7206,,1906,125155.9938,,,
1907,209644.9874,,1907,203488.0101,,,
1908,108522.3196,,1908,97929.5135,,,
1909,130894.6936,,1909,134072.5642,,,
1910,118580.2532,,1910,134072.5642,,,
1911,221165.473,,1911,214072.7142,,,
1912,327789.4439,,1912,228386.4572,,,
1913,144135.7803,,1913,128832.0621,,,
1914,60214.75668,,1914,82253.0732,,,
1915,316343.8859,,1915,283984.4887,,,
1916,66992.47473,,1916,60227.74225,,,
1917,247409.045,,1917,253146.1558,,,
1918,140587.8447,,1918,125000.5372,,,
1919,176797.6184,,1919,160841.1198,,,
1920,151695.8812,,1920,157425.1548,,,
1921,414034.4508,,1921,362532.7722,,,
1922,322655.0743,,1922,309220.6251,,,
1923,228654.9853,,1923,193429.9876,,,
1924,226368.5508,,1924,198553.3998,,,
1925,196102.0363,,1925,259655.466,,,
1926,394298.6731,,1926,395031.7138,,,
1927,131886.1377,,1927,143041.3882,,,
1928,157187.6304,,1928,161104.1997,,,
1929,125370.4114,,1929,124063.4217,,,
1930,130442.3855,,1930,148134.7355,,,
1931,145683.8234,,1931,127550.7567,,,
1932,141703.7513,,1932,132194.7122,,,
1933,179027.7677,,1933,149404.0488,,,
1934,181630.3821,,1934,179968.3057,,,
1935,171875.392,,1935,184451.5586,,,
1936,189658.925,,1936,182199.0749,,,
1937,183747.8369,,1937,180310.3842,,,
1938,173949.9578,,1938,179542.8187,,,
1939,243353.1284,,1939,287867.5373,,,
1940,190675.6764,,1940,210291.1234,,,
1941,170219.6179,,1941,186261.915,,,
1942,186995.3516,,1942,180611.5173,,,
1943,206440.8345,,1943,185095.9323,,,
1944,360952.1887,,1944,308288.915,,,
1945,398804.3075,,1945,331791.7101,,,
1946,142707.2861,,1946,149973.6517,,,
1947,308882.6546,,1947,333782.7279,,,
1948,173637.9454,,1948,143397.6304,,,
1949,247842.1578,,1949,237582.3061,,,
1950,184309.1005,,1950,174078.8342,,,
1951,251271.1701,,1951,222115.2442,,,
1952,206498.5525,,1952,278423.2318,,,
1953,167945.8618,,1953,148849.8027,,,
1954,180361.122,,1954,235918.1554,,,
1955,134074.1678,,1955,122205.7443,,,
1956,306621.1926,,1956,256169.1434,,,
1957,154383.6285,,1957,170250.3003,,,
1958,306950.4671,,1958,280663.6552,,,
1959,141982.813,,1959,154282.77,,,
1960,114194.7282,,1960,122669.1305,,,
1961,119605.1489,,1961,117206.709,,,
1962,95856.12711,,1962,90029.50221,,,
1963,104905.6434,,1963,105208.1612,,,
1964,107007.5935,,1964,115802.1812,,,
1965,143158.5512,,1965,152579.7434,,,
1966,139921.5727,,1966,130806.4982,,,
1967,291357.8205,,1967,246870.6144,,,
1968,436020.6727,,1968,358830.3242,,,
1969,390577.3175,,1969,384189.4889,,,
1970,425621.2387,,1970,437978.584,,,
1971,451768.8401,,1971,394756.1415,,,
1972,383300.9796,,1972,356016.0151,,,
1973,264428.5649,,1973,267613.0612,,,
1974,327185.3206,,1974,296958.2727,,,
1975,526351.2388,,1975,411730.0619,,,
1976,267305.1184,,1976,262277.8929,,,
1977,356849.0326,,1977,320550.7823,,,
1978,347049.9269,,1978,363225.2264,,,
1979,333319.685,,1979,343620.7453,,,
1980,203404.8885,,1980,200824.4982,,,
1981,350060.7324,,1981,265858.6242,,,
1982,217706.0779,,1982,221379.1845,,,
1983,201769.4958,,1983,221379.1845,,,
1984,168811.0319,,1984,167093.9551,,,
1985,218450.1035,,1985,194767.3278,,,
1986,210534.002,,1986,219782.9716,,,
1987,175923.4674,,1987,182139.5304,,,
1988,175153.7708,,1988,179359.4794,,,
1989,195142.2694,,1989,187409.0715,,,
1990,212677.604,,1990,217824.0479,,,
1991,234616.5252,,1991,218336.0048,,,
1992,214231.4752,,1992,215314.8486,,,
1993,167322.99,,1993,161956.2445,,,
1994,231325.1347,,1994,260332.8239,,,
1995,184214.7048,,1995,184822.2777,,,
1996,249966.3331,,1996,261749.3007,,,
1997,310776.783,,1997,312154.4589,,,
1998,337801.1528,,1998,310482.5815,,,
1999,270003.579,,1999,244353.5054,,,
2000,324775.1137,,2000,307150.658,,,
2001,279870.3663,,2001,234707.0956,,,
2002,239988.6802,,2002,218546.1309,,,
2003,255462.2349,,2003,264083.2402,,,
2004,279929.4673,,2004,238758.9568,,,
2005,219897.5735,,2005,231882.7089,,,
2006,223965.9335,,2006,224067.8121,,,
2007,249176.9894,,2007,340272.0734,,,
2008,217542.0059,,2008,187473.4686,,,
2009,195910.3121,,2009,199114.6481,,,
2010,194893.1033,,2010,188376.3073,,,
2011,139194.4099,,2011,165834.5003,,,
2012,172947.4807,,2012,172648.9077,,,
2013,179522.836,,2013,177466.4926,,,
2014,184884.1522,,2014,185475.4107,,,
2015,204459.958,,2015,189320.037,,,
2016,193793.4448,,2016,182473.8714,,,
2017,195390.2086,,2017,208361.7055,,,
2018,118320.6026,,2018,132035.0315,,,
2019,134685.8966,,2019,125421.3804,,,
2020,104773.6399,,2020,117407.2073,,,
2021,103665.174,,2021,95666.49243,,,
2022,181093.2585,,2022,165746.2635,,,
2023,143480.512,,2023,147799.5307,,,
2024,267380.8861,,2024,193442.7133,,,
2025,350105.6986,,2025,425792.3563,,,
2026,173944.6038,,2026,176961.9843,,,
2027,155182.0693,,2027,142244.791,,,
2028,150586.4816,,2028,153160.1394,,,
2029,167623.3222,,2029,170856.0016,,,
2030,268227.7483,,2030,278574.2507,,,
2031,233286.7668,,2031,264918.8022,,,
2032,250117.0062,,2032,304132.9768,,,
2033,254563.2357,,2033,274140.2723,,,
2034,170589.3754,,2034,157049.9071,,,
2035,219325.9149,,2035,212351.8211,,,
2036,197305.2115,,2036,213089.1675,,,
2037,206004.0376,,2037,212809.58,,,
2038,307389.7345,,2038,375485.5487,,,
2039,221758.3334,,2039,187941.6723,,,
2040,279993.6033,,2040,394785.6587,,,
2041,295646.9909,,2041,233542.4525,,,
2042,206906.5923,,2042,212211.3904,,,
2043,176152.545,,2043,161454.0854,,,
2044,169619.8248,,2044,178512.6394,,,
2045,212709.2301,,2045,199149.6584,,,
2046,143999.5418,,2046,144013.6449,,,
2047,146458.9602,,2047,142913.7822,,,
2048,138183.8368,,2048,116448.2401,,,
2049,139046.0507,,2049,135865.2507,,,
2050,176612.3924,,2050,163426.5845,,,
2051,102787.3062,,2051,121443.0926,,,
2052,124365.2542,,2052,137125.5639,,,
2053,149040.8015,,2053,136293.0088,,,
2054,88756.39618,,2054,60924.4404,,,
2055,160530.5828,,2055,146476.6592,,,
2056,141356.1214,,2056,136777.096,,,
2057,114205.238,,2057,127257.8517,,,
2058,224711.8444,,2058,190531.1908,,,
2059,129594.6289,,2059,139951.4683,,,
2060,175261.9079,,2060,146556.8129,,,
2061,173158.2341,,2061,173077.9371,,,
2062,130021.9803,,2062,135905.017,,,
2063,113809.4955,,2063,89047.72895,,,
2064,140384.3651,,2064,119082.4862,,,
2065,119940.9162,,2065,116661.0685,,,
2066,159816.6151,,2066,236115.5872,,,
2067,108684.5789,,2067,139947.5666,,,
2068,142689.4081,,2068,157275.8311,,,
2069,86647.72053,,2069,93589.11763,,,
2070,114504.2707,,2070,100563.3769,,,
2071,93707.2916,,2071,96500.46213,,,
2072,131423.0829,,2072,150134.0291,,,
2073,134855.7296,,2073,136714.3367,,,
2074,187416.9464,,2074,199365.9036,,,
2075,144046.4217,,2075,142637.5056,,,
2076,119343.5106,,2076,114091.4179,,,
2077,156584.7774,,2077,147606.0537,,,
2078,126688.6084,,2078,129403.7268,,,
2079,132023.8306,,2079,127608.7121,,,
2080,117297.9158,,2080,114634.9807,,,
2081,126406.87,,2081,132989.1805,,,
2082,125191.7109,,2082,145198.226,,,
2083,144364.6446,,2083,140381.5329,,,
2084,108090.5442,,2084,120260.1373,,,
2085,117745.6606,,2085,141579.6649,,,
2086,109866.4779,,2086,157465.9096,,,
2087,119696.7647,,2087,133307.8312,,,
2088,94078.57162,,2088,119999.455,,,
2089,77005.43086,,2089,108971.3639,,,
2090,124188.6288,,2090,132118.9986,,,
2091,113312.7831,,2091,117527.0425,,,
2092,124448.1339,,2092,151657.1142,,,
2093,118537.0704,,2093,140741.1597,,,
2094,107675.276,,2094,145649.2189,,,
2095,148920.1225,,2095,123944.2797,,,
2096,79940.55489,,2096,110864.9372,,,
2097,95289.51152,,2097,88601.55868,,,
2098,146411.919,,2098,134096.7645,,,
2099,53153.52808,,2099,45652.01915,,,
2100,72738.62175,,2100,142202.8321,,,
2101,117535.7769,,2101,116492.1701,,,
2102,123353.406,,2102,152705.2444,,,
2103,101928.5318,,2103,93739.27362,,,
2104,137361.3006,,2104,137662.8168,,,
2105,123653.3544,,2105,142475.5503,,,
2106,61342.79433,,2106,69112.57573,,,
2107,198399.033,,2107,215723.876,,,
2108,116259.8602,,2108,111519.3738,,,
2109,109206.8461,,2109,132429.2963,,,
2110,132464.2866,,2110,115922.1391,,,
2111,135961.8323,,2111,161793.5908,,,
2112,139696.0545,,2112,150741.6188,,,
2113,123005.0569,,2113,118950.2995,,,
2114,116412.8302,,2114,119845.395,,,
2115,163580.8509,,2115,160867.8488,,,
2116,118290.0501,,2116,113053.0409,,,
2117,149974.816,,2117,138627.1441,,,
2118,126049.3035,,2118,127087.8285,,,
2119,111949.9412,,2119,98460.1349,,,
2120,110968.2421,,2120,82067.01123,,,
2121,87838.42907,,2121,83385.76136,,,
2122,116098.8731,,2122,65301.17684,,,
2123,85943.22137,,2123,105337.2412,,,
2124,157792.6067,,2124,257972.8591,,,
2125,124674.54,,2125,169324.1768,,,
2126,147929.5449,,2126,161381.8695,,,
2127,156905.5222,,2127,135824.3267,,,
2128,122724.4998,,2128,133830.1046,,,
2129,91907.33133,,2129,87104.66024,,,
2130,136625.163,,2130,141769.8875,,,
2131,136685.4714,,2131,178158.7608,,,
2132,114294.1523,,2132,119018.426,,,
2133,123851.859,,2133,100143.2017,,,
2134,119001.5805,,2134,116874.8565,,,
2135,94038.25051,,2135,80997.31307,,,
2136,75858.20227,,2136,96305.98393,,,
2137,109003.0659,,2137,104401.764,,,
2138,133674.8478,,2138,143070.8224,,,
2139,152820.179,,2139,149315.5975,,,
2140,140793.2885,,2140,139723.1132,,,
2141,147321.0585,,2141,147225.1516,,,
2142,126672.7115,,2142,153269.8365,,,
2143,149886.3472,,2143,166773.9124,,,
2144,121298.3593,,2144,108549.7095,,,
2145,137051.1427,,2145,123748.0192,,,
2146,161352.8873,,2146,139916.7696,,,
2147,143456.7361,,2147,135292.1312,,,
2148,132264.7751,,2148,122684.6168,,,
2149,151758.8467,,2149,123773.8696,,,
2150,223576.5897,,2150,190275.6347,,,
2151,110980.3288,,2151,148505.4544,,,
2152,184966.9677,,2152,133245.9793,,,
2153,162138.2196,,2153,147302.2841,,,
2154,109347.6672,,2154,133029.5781,,,
2155,139368.6764,,2155,134036.5729,,,
2156,271526.9585,,2156,219266.805,,,
2157,231417.0879,,2157,213915.7587,,,
2158,238575.6281,,2158,227408.4706,,,
2159,209453.2198,,2159,246479.9756,,,
2160,175942.5952,,2160,163500.5498,,,
2161,238553.9062,,2161,266108.2704,,,
2162,389253.6413,,2162,516659.6046,,,
2163,363551.7258,,2163,359383.0198,,,
2164,242087.1951,,2164,259246.6688,,,
2165,196088.2142,,2165,190577.7481,,,
2166,153798.8427,,2166,135885.5967,,,
2167,216386.1195,,2167,182621.3818,,,
2168,199443.9675,,2168,206747.8492,,,
2169,195971.9691,,2169,188911.407,,,
2170,219238.3034,,2170,217062.9503,,,
2171,153247.2637,,2171,159944.0288,,,
2172,130548.6436,,2172,153449.9614,,,
2173,166313.1796,,2173,171906.3185,,,
2174,227309.8605,,2174,252204.2233,,,
2175,289588.6897,,2175,287775.4014,,,
2176,315371.7345,,2176,238326.1326,,,
2177,239414.8183,,2177,288032.9712,,,
2178,211121.5666,,2178,214591.046,,,
2179,138724.0837,,2179,147144.0473,,,
2180,217891.4025,,2180,221367.0383,,,
2181,192400.1895,,2181,203590.4447,,,
2182,222970.3638,,2182,184219.4929,,,
2183,189668.7582,,2183,218336.0048,,,
2184,121110.8883,,2184,152645.1378,,,
2185,120993.9715,,2185,148680.3205,,,
2186,147179.3141,,2186,143215.7631,,,
2187,154032.1877,,2187,128791.4659,,,
2188,154905.3832,,2188,155332.7834,,,
2189,297718.6451,,2189,156089.5572,,,
2190,81543.51428,,2190,90152.70515,,,
2191,80830.74952,,2191,90152.70515,,,
2192,91052.0809,,2192,83617.13604,,,
2193,107850.1268,,2193,95726.97926,,,
2194,102404.8899,,2194,111006.2427,,,
2195,109629.8462,,2195,93000,,,
2196,99356.97433,,2196,102723.9937,,,
2197,118928.0394,,2197,115705.4521,,,
2198,158238.9986,,2198,184864.6077,,,
2199,176593.3093,,2199,171546.3618,,,
2200,147882.56,,2200,126849.1752,,,
2201,143486.2391,,2201,114297.5714,,,
2202,214159.3275,,2202,193252.549,,,
2203,135165.1671,,2203,162107.7055,,,
2204,183893.1336,,2204,159680.6353,,,
2205,118019.9389,,2205,127379.3497,,,
2206,140236.5212,,2206,145169.6239,,,
2207,218687.1042,,2207,200520.5079,,,
2208,257855.1807,,2208,249667.2579,,,
2209,249837.0676,,2209,171485.8704,,,
2210,118212.1687,,2210,97929.5135,,,
2211,112368.7479,,2211,112993.7146,,,
2212,117382.0211,,2212,114248.7038,,,
2213,105284.261,,2213,105236.6818,,,
2214,136237.0004,,2214,156385.4534,,,
2215,97985.63062,,2215,107870.6783,,,
2216,143580.754,,2216,170053.8336,,,
2217,67242.62753,,2217,59353.05735,,,
2218,73665.08343,,2218,105382.7076,,,
2219,68136.21621,,2219,67611.45554,,,
2220,72622.68977,,2220,57353.87427,,,
2221,318127.6028,,2221,283984.4887,,,
2222,278755.9724,,2222,256473.6702,,,
2223,291560.4952,,2223,277721.5892,,,
2224,208157.2515,,2224,216220.8293,,,
2225,119924.2452,,2225,158513.8449,,,
2226,190510.0072,,2226,162943.0171,,,
2227,197070.8417,,2227,208444.4446,,,
2228,261363.6068,,2228,220279.8997,,,
2229,254260.2416,,2229,216188.6265,,,
2230,152050.07,,2230,168473.6094,,,
2231,214693.497,,2231,202264.0893,,,
2232,182373.5153,,2232,191748.5818,,,
2233,180162.0994,,2233,177042.462,,,
2234,239490.6594,,2234,263405.2365,,,
2235,225430.8954,,2235,184119.2542,,,
2236,264800.9948,,2236,313917.065,,,
2237,333167.1149,,2237,349816.4629,,,
2238,190739.0844,,2238,199007.3478,,,
2239,112568.4164,,2239,152711.5178,,,
2240,157398.4126,,2240,164426.1835,,,
2241,158109.7318,,2241,126945.7597,,,
2242,126000.699,,2242,147756.5827,,,
2243,127849.8236,,2243,137026.2721,,,
2244,103443.0878,,2244,88724.1688,,,
2245,97888.29259,,2245,88724.1688,,,
2246,143179.3217,,2246,155566.5198,,,
2247,109623.6475,,2247,88007.8782,,,
2248,122564.7896,,2248,128408.0249,,,
2249,120253.6096,,2249,131870.2286,,,
2250,130439.0856,,2250,129943.9583,,,
2251,96595.44297,,2251,126422.189,,,
2252,177005.4312,,2252,178264.5609,,,
2253,152133.1997,,2253,169426.0414,,,
2254,178140.1533,,2254,190417.1754,,,
2255,189253.2326,,2255,188941.9318,,,
2256,180392.8415,,2256,179265.9061,,,
2257,209684.6986,,2257,205043.407,,,
2258,161612.5877,,2258,183403.718,,,
2259,177635.5076,,2259,181053.9254,,,
2260,156099.6764,,2260,149045.7035,,,
2261,180611.457,,2261,185565.746,,,
2262,206129.5834,,2262,200263.4171,,,
2263,386613.9059,,2263,304226.2905,,,
2264,498584.2561,,2264,491530.5792,,,
2265,174372.7052,,2265,160386.217,,,
2266,294074.1369,,2266,282987.8517,,,
2267,375851.7201,,2267,363046.7145,,,
2268,422407.7986,,2268,397190.1734,,,
2269,147818.1586,,2269,169701.2587,,,
2270,195494.976,,2270,157032.523,,,
2271,216928.9311,,2271,186874.7027,,,
2272,197929.91,,2272,193467.7883,,,
2273,165955.417,,2273,166860.3078,,,
2274,181432.3453,,2274,160346.8451,,,
2275,162126.3382,,2275,148894.7804,,,
2276,192981.2127,,2276,192036.1269,,,
2277,181873.8582,,2277,178522.642,,,
2278,150021.6096,,2278,163184.2841,,,
2279,123125.188,,2279,125931.0641,,,
2280,117114.603,,2280,121272.4043,,,
2281,170077.3726,,2281,165316.0334,,,
2282,188080.7061,,2282,168133.3298,,,
2283,104188.0748,,2283,92922.58517,,,
2284,110085.8643,,2284,112780.2488,,,
2285,139249.7336,,2285,130806.4982,,,
2286,123804.0693,,2286,138686.8576,,,
2287,355954.498,,2287,307446.1471,,,
2288,272440.8025,,2288,272304.8503,,,
2289,382633.8695,,2289,350601.1583,,,
2290,459868.0698,,2290,426533.2436,,,
2291,331270.2032,,2291,304456.4184,,,
2292,442257.0879,,2292,422362.7926,,,
2293,492047.7097,,2293,474936.7494,,,
2294,402080.8561,,2294,427450.7178,,,
2295,480840.8161,,2295,479008.4313,,,
2296,291743.6206,,2296,297728.7009,,,
2297,331660.1876,,2297,262061.6765,,,
2298,332203.0866,,2298,274281.8614,,,
2299,375159.5623,,2299,412266.5038,,,
2300,336041.2303,,2300,287992.1132,,,
2301,300122.3993,,2301,224194.3048,,,
2302,246261.4317,,2302,220918.7629,,,
2303,240039.7271,,2303,282520.9625,,,
2304,241741.5523,,2304,262224.0563,,,
2305,196382.2385,,2305,187009.6059,,,
2306,192302.436,,2306,187009.6059,,,
2307,199128.7765,,2307,181467.6265,,,
2308,225295.1012,,2308,216644.9688,,,
2309,282321.6254,,2309,276915.668,,,
2310,208465.7246,,2310,237961.2624,,,
2311,198270.6508,,2311,176456.9969,,,
2312,173177.9892,,2312,175104.2862,,,
2313,173264.3203,,2313,176921.474,,,
2314,174654.9297,,2314,164149.2459,,,
2315,178053.2451,,2315,171760.3472,,,
2316,192891.0083,,2316,190758.2325,,,
2317,189972.1125,,2317,172730.5101,,,
2318,179425.8167,,2318,171509.5661,,,
2319,183041.5069,,2319,167698.8587,,,
2320,183036.4029,,2320,167270.3421,,,
2321,233604.7209,,2321,254381.1479,,,
2322,177230.8079,,2322,165082.2802,,,
2323,186689.7686,,2323,158928.4412,,,
2324,174117.7956,,2324,171083.8415,,,
2325,215835.3324,,2325,240565.998,,,
2326,170713.3027,,2326,168932.5229,,,
2327,207252.3333,,2327,208655.4175,,,
2328,225797.8034,,2328,219228.1703,,,
2329,190495.4888,,2329,189596.7497,,,
2330,180769.3364,,2330,181952.1941,,,
2331,362686.0299,,2331,355761.3916,,,
2332,394689.7177,,2332,449694.8455,,,
2333,321973.4536,,2333,324520.3306,,,
2334,256512.7258,,2334,277327.5247,,,
2335,275731.3479,,2335,264982.4695,,,
2336,325038.0163,,2336,307295.9593,,,
2337,197321.717,,2337,225457.6909,,,
2338,267790.7899,,2338,220185.5424,,,
2339,216882.2007,,2339,232427.8594,,,
2340,409286.4799,,2340,391963.102,,,
2341,213680.2517,,2341,190960.7645,,,
2342,231687.2457,,2342,239541.0087,,,
2343,225686.91,,2343,196959.3688,,,
2344,216921.3274,,2344,249772.2158,,,
2345,231316.4821,,2345,262224.0563,,,
2346,211483.9013,,2346,232869.2769,,,
2347,198378.2869,,2347,194877.4618,,,
2348,242609.032,,2348,218878.0858,,,
2349,177701.0875,,2349,163129.3734,,,
2350,306243.4293,,2350,238758.9568,,,
2351,263346.7327,,2351,246870.6144,,,
2352,257226.0643,,2352,283999.7693,,,
2353,251624.4987,,2353,191864.7915,,,
2354,137564.7841,,2354,152619.4141,,,
2355,143952.1364,,2355,182807.1919,,,
2356,152550.2713,,2356,156997.4521,,,
2357,191400.7927,,2357,258784.3535,,,
2358,198986.4324,,2358,202163.2114,,,
2359,130304.3949,,2359,135601.8877,,,
2360,115207.3472,,2360,131710.9815,,,
2361,144500.3399,,2361,136714.3367,,,
2362,271863.7481,,2362,263552.869,,,
2363,138768.227,,2363,147946.7463,,,
2364,156043.3834,,2364,147296.8702,,,
2365,218034.3464,,2365,214141.7479,,,
2366,189813.2791,,2366,188876.4389,,,
2367,224948.166,,2367,251998.4563,,,
2368,215109.0736,,2368,208259.4826,,,
2369,219105.2675,,2369,216644.9688,,,
2370,167536.1104,,2370,171503.0084,,,
2371,168421.4807,,2371,175610.1465,,,
2372,193377.0189,,2372,197431.8432,,,
2373,283871.3154,,2373,263190.9501,,,
2374,314928.6572,,2374,283042.332,,,
2375,247950.0786,,2375,267591.8357,,,
2376,279237.7991,,2376,236587.6717,,,
2377,346503.2995,,2377,284006.8668,,,
2378,143368.6892,,2378,156641.1057,,,
2379,199325.9337,,2379,158043.4515,,,
2380,148827.3104,,2380,146798.8427,,,
2381,168664.4849,,2381,152044.1151,,,
2382,202819.9998,,2382,199149.6584,,,
2383,207143.4102,,2383,208851.0187,,,
2384,250673.6682,,2384,229200.7432,,,
2385,160125.7148,,2385,147535.2201,,,
2386,133476.0711,,2386,141782.1199,,,
2387,135480.0641,,2387,155201.7052,,,
2388,100660.4238,,2388,116160.7577,,,
2389,119515.6451,,2389,136841.0503,,,
2390,146919.7114,,2390,149591.8609,,,
2391,144017.2373,,2391,128751.1412,,,
2392,113090.5044,,2392,115454.5416,,,
2393,165095.5024,,2393,163093.5334,,,
2394,139809.4598,,2394,144141.6278,,,
2395,213074.321,,2395,202442.4585,,,
2396,142926.8367,,2396,173936.3841,,,
2397,220849.5022,,2397,178161.9076,,,
2398,133223.476,,2398,105223.5834,,,
2399,61090.60421,,2399,74254.56257,,,
2400,59238.77212,,2400,51007.19946,,,
2401,117319.9931,,2401,114668.0198,,,
2402,138049.2956,,2402,123400.7337,,,
2403,140680.2438,,2403,152170.952,,,
2404,150129.8471,,2404,156265.606,,,
2405,162160.7454,,2405,162762.0408,,,
2406,141917.8803,,2406,118663.3117,,,
2407,126781.6889,,2407,121443.0926,,,
2408,144871.2414,,2408,135078.6701,,,
2409,122740.6673,,2409,135237.415,,,
2410,167086.5339,,2410,165665.4647,,,
2411,115378.5007,,2411,115213.1014,,,
2412,157170.9583,,2412,151518.4968,,,
2413,130603.8926,,2413,126090.8849,,,
2414,149878.5845,,2414,124888.9085,,,
2415,132470.3121,,2415,162479.8051,,,
2416,126052.6135,,2416,89406.69465,,,
2417,131862.6334,,2417,124263.1666,,,
2418,131266.4828,,2418,126974.593,,,
2419,130742.0389,,2419,123906.9101,,,
2420,124011.6406,,2420,122720.3053,,,
2421,150950.3612,,2421,177856.9446,,,
2422,106483.7763,,2422,93111.92603,,,
2423,122501.7054,,2423,112682.4018,,,
2424,154551.8499,,2424,149313.0501,,,
2425,209471.0696,,2425,185442.2772,,,
2426,136400.6628,,2426,109487.2241,,,
2427,134769.113,,2427,123674.6162,,,
2428,174334.3899,,2428,165542.5341,,,
2429,111800.1877,,2429,115326.3127,,,
2430,132626.0133,,2430,122619.1456,,,
2431,107773.666,,2431,123326.0384,,,
2432,146141.5066,,2432,131783.0348,,,
2433,146222.5067,,2433,131526.7331,,,
2434,138610.4868,,2434,137644.0531,,,
2435,153072.6363,,2435,152720.8226,,,
2436,105421.9897,,2436,129419.3698,,,
2437,106830.0375,,2437,110575.3768,,,
2438,123241.7972,,2438,129499.1967,,,
2439,104639.4503,,2439,111573.1642,,,
2440,119986.8227,,2440,116020.5536,,,
2441,94345.52593,,2441,100185.3162,,,
2442,95590.81579,,2442,118429.195,,,
2443,124382.8372,,2443,112720.8941,,,
2444,130038.6492,,2444,96690.83883,,,
2445,87609.46079,,2445,101374.1781,,,
2446,137045.9177,,2446,106931.4033,,,
2447,177641.5027,,2447,174347.4917,,,
2448,127910.6701,,2448,160232.3366,,,
2449,110133.8224,,2449,88654.75002,,,
2450,147539.2669,,2450,127263.0518,,,
2451,121592.4457,,2451,112394.1454,,,
2452,198152.3485,,2452,244926.9239,,,
2453,92299.12005,,2453,114929.9006,,,
2454,124445.1709,,2454,137690.3079,,,
2455,123421.6249,,2455,95465.38137,,,
2456,139780.5897,,2456,141658.057,,,
2457,134845.0512,,2457,126932.9736,,,
2458,126796.6475,,2458,110463.1018,,,
2459,111015.7355,,2459,94852.56739,,,
2460,139061.0306,,2460,119662.1034,,,
2461,122614.5857,,2461,131008.9127,,,
2462,137586.6851,,2462,124296.3277,,,
2463,124203.2109,,2463,117962.6325,,,
2464,177357.4234,,2464,177053.7842,,,
2465,142032.7755,,2465,127319.2477,,,
2466,118113.1398,,2466,122079.269,,,
2467,129104.9966,,2467,146144.2018,,,
2468,79865.86114,,2468,114786.2683,,,
2469,79951.97953,,2469,108231.0399,,,
2470,193371.0032,,2470,236719.3057,,,
2471,208707.1453,,2471,238040.9132,,,
2472,162738.5824,,2472,177401.5503,,,
2473,115916.8924,,2473,109152.2912,,,
2474,76859.83314,,2474,116490.7922,,,
2475,218769.0592,,2475,251548.1293,,,
2476,115535.8348,,2476,121953.1796,,,
2477,128541.3135,,2477,132035.0315,,,
2478,156128.7133,,2478,162048.2235,,,
2479,103654.4957,,2479,120615.8171,,,
2480,153314.6892,,2480,129329.4061,,,
2481,121693.5712,,2481,131165.6415,,,
2482,126334.3547,,2482,117206.709,,,
2483,109321.7104,,2483,129699.1888,,,
2484,123350.1133,,2484,117921.22,,,
2485,125096.2092,,2485,120322.8539,,,
2486,155803.2491,,2486,136578.276,,,
2487,180228.0415,,2487,147060.657,,,
2488,158304.201,,2488,145561.0008,,,
2489,149876.4486,,2489,152049.607,,,
2490,147763.0561,,2490,131526.7331,,,
2491,94952.75931,,2491,86229.80177,,,
2492,192072.2202,,2492,183831.0155,,,
2493,148455.0046,,2493,121911.1634,,,
2494,153060.1476,,2494,172874.1289,,,
2495,90366.26288,,2495,121116.5233,,,
2496,247149.8237,,2496,202389.2042,,,
2497,154001.6991,,2497,151243.1397,,,
2498,108970.3602,,2498,124209.2258,,,
2499,91862.24167,,2499,117610.7,,,
2500,125856.9449,,2500,129016.8852,,,
2501,140283.3151,,2501,140093.1911,,,
2502,151026.4293,,2502,165745.3964,,,
2503,97302.6731,,2503,113934.8225,,,
2504,189011.3069,,2504,174670.8553,,,
2505,225141.9955,,2505,231858.465,,,
2506,255054.4538,,2506,328642.406,,,
2507,291898.2126,,2507,393720.1672,,,
2508,254315.5823,,2508,328642.406,,,
2509,216813.2415,,2509,213268.9216,,,
2510,217296.1502,,2510,238502.6727,,,
2511,175904.4784,,2511,177620.7733,,,
2512,205730.7848,,2512,214781.2989,,,
2513,219685.0186,,2513,216849.5127,,,
2514,254411.5377,,2514,245750.264,,,
2515,150327.6943,,2515,133260.5278,,,
2516,174755.1795,,2516,158137.3021,,,
2517,143684.4387,,2517,135885.5967,,,
2518,152953.0803,,2518,149272.0375,,,
2519,225575.1492,,2519,231694.5708,,,
2520,216212.0362,,2520,216190.3143,,,
2521,188914.1629,,2521,193421.7493,,,
2522,223598.6792,,2522,229216.7122,,,
2523,121481.8612,,2523,138034.9815,,,
2524,138204.6628,,2524,149606.2945,,,
2525,150221.3886,,2525,145346.4863,,,
2526,136117.4941,,2526,142666.1077,,,
2527,113344.347,,2527,128255.397,,,
2528,130248.9094,,2528,125533.0953,,,
2529,129407.8448,,2529,128816.8818,,,
2530,119954.0962,,2530,116797.6967,,,
2531,250098.5908,,2531,215804.2792,,,
2532,225966.6381,,2532,229871.0557,,,
2533,197730.2474,,2533,207217.8757,,,
2534,225583.9987,,2534,267338.6243,,,
2535,302721.3932,,2535,315188.415,,,
2536,235259.9218,,2536,223220.8446,,,
2537,232031.1322,,2537,213500,,,
2538,182204.4526,,2538,167698.8587,,,
2539,187091.027,,2539,187786.3527,,,
2540,179231.3626,,2540,175493.7435,,,
2541,180398.1779,,2541,172152.7565,,,
2542,165742.1457,,2542,159350.9822,,,
2543,124220.0902,,2543,124942.3375,,,
2544,124552.0171,,2544,128713.0494,,,
2545,136016.0256,,2545,116786.313,,,
2546,129188.2752,,2546,168712.0241,,,
2547,138587.8485,,2547,161237.5368,,,
2548,152900.0921,,2548,162126.1163,,,
2549,158112.4328,,2549,169814.633,,,
2550,740623.8713,,2550,227380.0864,,,
2551,137227.6091,,2551,144514.893,,,
2552,131499.5385,,2552,117627.1177,,,
2553,76519.90046,,2553,90152.70515,,,
2554,98270.24719,,2554,125430.9905,,,
2555,114430.9958,,2555,101261.0745,,,
2556,101166.2526,,2556,85754.0838,,,
2557,107115.9682,,2557,106234.7011,,,
2558,151219.8754,,2558,189419.333,,,
2559,141992.8808,,2559,138353.6182,,,
2560,148491.0324,,2560,124973.4364,,,
2561,139066.1977,,2561,129822.1201,,,
2562,135444.0068,,2562,132323.4311,,,
2563,148440.694,,2563,129166.3042,,,
2564,203203.9442,,2564,155268.5196,,,
2565,139593.6208,,2565,130599.624,,,
2566,158787.5284,,2566,136458.9057,,,
2567,135227.7887,,2567,124958.6791,,,
2568,196551.3996,,2568,165233.287,,,
2569,222928.1624,,2569,179716.2537,,,
2570,116268.4649,,2570,94201.92197,,,
2571,188805.6673,,2571,160135.4382,,,
2572,145504.6186,,2572,174008.2802,,,
2573,223223.6556,,2573,213046.4228,,,
2574,291263.7431,,2574,301652.0279,,,
2575,130026.3093,,2575,118846.679,,,
2576,120800.6752,,2576,130975.5793,,,
2577,146905.2408,,2577,151712.8061,,,
2578,82348.42252,,2578,96727.95098,,,
2579,63149.92779,,2579,56717.33963,,,
2580,104155.6618,,2580,121043.2829,,,
2581,107846.222,,2581,125486.2141,,,
2582,109143.7741,,2582,99801.86867,,,
2583,280603.4072,,2583,239569.5056,,,
2584,175634.2766,,2584,161802.8707,,,
2585,188249.8387,,2585,179277.0215,,,
2586,224345.3245,,2586,176503.6197,,,
2587,198595.6497,,2587,197537.5619,,,
2588,140666.4154,,2588,150493.9189,,,
2589,151343.0703,,2589,157395.2204,,,
2590,204598.0166,,2590,208444.4446,,,
2591,220073.9323,,2591,223551.8951,,,
2592,216232.531,,2592,242840.4653,,,
2593,251935.3972,,2593,249440.7979,,,
2594,180348.2707,,2594,174598.965,,,
2595,202580.6474,,2595,228604.8459,,,
2596,305906.937,,2596,313864.4378,,,
2597,187033.7267,,2597,202020.022,,,
2598,280012.332,,2598,284419.7125,,,
2599,326191.3812,,2599,316870.1324,,,
2600,154264.2115,,2600,147925.4721,,,
2601,149451.4889,,2601,144500.5495,,,
2602,83220.31593,,2602,80470.12225,,,
2603,93575.47583,,2603,89341.99805,,,
2604,88061.38739,,2604,80299.99293,,,
2605,77911.03752,,2605,92142.88785,,,
2606,152433.0391,,2606,145346.4863,,,
2607,194893.9293,,2607,161232.6899,,,
2608,211392.1661,,2608,141743.8601,,,
2609,168261.3345,,2609,148799.9097,,,
2610,110807.2454,,2610,112089.4186,,,
2611,121760.0338,,2611,149292.7721,,,
2612,159469.4315,,2612,151509.7774,,,
2613,130550.7881,,2613,128408.0249,,,
2614,124661.7978,,2614,129943.9583,,,
2615,155843.4356,,2615,154440.2435,,,
2616,144696.5587,,2616,133128.5392,,,
2617,184414.7956,,2617,151960.1586,,,
2618,205755.859,,2618,161090.5299,,,
2619,200399.6568,,2619,240009.4275,,,
2620,185396.5743,,2620,178518.7873,,,
2621,175817.9504,,2621,183870.9359,,,
2622,185502.1599,,2622,203032.6143,,,
2623,244447.1901,,2623,277884.0838,,,
2624,314315.9392,,2624,256834.1875,,,
2625,304154.429,,2625,365013.6722,,,
2626,173426.1921,,2626,162900.5432,,,
2627,163613.3499,,2627,185565.746,,,
2628,481040.5079,,2628,359695.9811,,,
2629,509697.3182,,2629,440142.4647,,,
2630,357312.3037,,2630,328517.2828,,,
2631,495570.6473,,2631,440394.1825,,,
2632,434711.4957,,2632,363984.4087,,,
2633,302325.5242,,2633,325116.6254,,,
2634,427771.0685,,2634,401254.7103,,,
2635,160333.1736,,2635,148280.3546,,,
2636,175340.8197,,2636,198512.7625,,,
2637,177781.1168,,2637,147939.1002,,,
2638,263609.7136,,2638,264490.4434,,,
2639,187432.8045,,2639,174204.0275,,,
2640,152809,,2640,149120.3812,,,
2641,102400.4514,,2641,120295.2664,,,
2642,194646.5052,,2642,180901.6506,,,
2643,99410.18773,,2643,92922.58517,,,
2644,123532.9892,,2644,120890.9239,,,
2645,106397.8687,,2645,107706.7792,,,
2646,94547.94675,,2646,105208.1612,,,
2647,101471.7787,,2647,98909.66659,,,
2648,142338.0122,,2648,145649.079,,,
2649,148069.6168,,2649,154488.3328,,,
2650,134271.2231,,2650,150197.3528,,,
2651,140414.5542,,2651,151063.4112,,,
2652,413526.884,,2652,410333.6364,,,
2653,248768.1049,,2653,258783.6641,,,
2654,253495.5469,,2654,268802.9332,,,
2655,403256.5934,,2655,326469.0384,,,
2656,315718.9835,,2656,302467.386,,,
2657,351650.4103,,2657,315413.5006,,,
2658,305671.2237,,2658,286777.1347,,,
2659,293216.4693,,2659,296620.5544,,,
2660,364475.7085,,2660,345986.0465,,,
2661,349368.287,,2661,267156.3919,,,
2662,367623.1747,,2662,309406.9194,,,
2663,280029.0001,,2663,280217.5615,,,
2664,275729.6249,,2664,280576.511,,,
2665,318148.6631,,2665,302972.986,,,
2666,283003.3399,,2666,291392.3027,,,
2667,168875.4664,,2667,172931.6957,,,
2668,178112.9026,,2668,172152.7565,,,
2669,183284.8203,,2669,174020.2756,,,
2670,276752.2937,,2670,290925.906,,,
2671,185472.5604,,2671,172152.7565,,,
2672,194544.8088,,2672,204142.4281,,,
2673,204949.9172,,2673,203565.1798,,,
2674,199122.5958,,2674,212047.4704,,,
2675,166893.9472,,2675,165321.8547,,,
2676,190331.9028,,2676,187880.9686,,,
2677,197989.495,,2677,174084.763,,,
2678,252097.7178,,2678,284178.2575,,,
2679,275413.5009,,2679,256085.4033,,,
2680,282890.6968,,2680,269391.0734,,,
2681,412976.8049,,2681,408622.2889,,,
2682,327212.1104,,2682,303576.7706,,,
2683,511680.8462,,2683,470580.0991,,,
2684,312813.7935,,2684,318556.8827,,,
2685,331840.5966,,2685,346866.3734,,,
2686,255748.9521,,2686,267822.3322,,,
2687,320847.5401,,2687,277342.2291,,,
2688,212906.1379,,2688,242441.709,,,
2689,205242.8331,,2689,201566.804,,,
2690,451004.6754,,2690,407235.5919,,,
2691,192084.9857,,2691,193358.2105,,,
2692,135835.3946,,2692,146189.2318,,,
2693,200092.6253,,2693,185628.078,,,
2694,138130.4267,,2694,147132.6012,,,
2695,195054.0994,,2695,189447.3534,,,
2696,184337.3533,,2696,183531.8439,,,
2697,189377.9614,,2697,198280.0988,,,
2698,193203.3511,,2698,192650.4326,,,
2699,176917.0037,,2699,167933.6757,,,
2700,157736.9711,,2700,168236.5848,,,
2701,151977.9824,,2701,151265.46,,,
2702,110153.4216,,2702,131878.4929,,,
2703,124670.7347,,2703,167598.6082,,,
2704,140385.8413,,2704,127358.8137,,,
2705,117418.4055,,2705,134844.2095,,,
2706,111928.9859,,2706,119570.069,,,
2707,124043.331,,2707,126348.2456,,,
2708,132113.822,,2708,128544.0254,,,
2709,106212.9875,,2709,122061.0144,,,
2710,126168.3946,,2710,123666.2885,,,
2711,281642.5083,,2711,263234.6531,,,
2712,392367.0169,,2712,362950.6783,,,
2713,171489.2834,,2713,163710.0999,,,
2714,149752.3623,,2714,147399.6948,,,
2715,172010.6669,,2715,175414.7553,,,
2716,141848.3685,,2716,146703.4961,,,
2717,185056.1284,,2717,177818.3219,,,
2718,221247.8684,,2718,267388.4917,,,
2719,155754.039,,2719,142101.7015,,,
2720,171389.2322,,2720,200866.0255,,,
2721,134255.1145,,2721,138846.0824,,,
2722,159185.879,,2722,144093.0854,,,
2723,141372.0242,,2723,126592.7678,,,
2724,125659.5194,,2724,128265.6743,,,
2725,130397.5158,,2725,136351.3919,,,
2726,152618.4775,,2726,140787.5673,,,
2727,178843.738,,2727,180462.6714,,,
2728,178955.7187,,2728,172232.1545,,,
2729,149053.279,,2729,149551.8897,,,
2730,148131.0195,,2730,140702.8382,,,
2731,130408.7867,,2731,112912.9676,,,
2732,132244.2122,,2732,96192.02177,,,
2733,159120.8671,,2733,146034.3917,,,
2734,145280.6493,,2734,176668.9269,,,
2735,137436.052,,2735,134400.1477,,,
2736,139986.8876,,2736,137183.9657,,,
2737,123445.0596,,2737,125625.7414,,,
2738,134780.8405,,2738,134659.3451,,,
2739,161629.9808,,2739,170496.4112,,,
2740,134975.1586,,2740,141778.5294,,,
2741,148153.6559,,2741,128937.5512,,,
2742,151816.5514,,2742,142307.8184,,,
2743,154948.0062,,2743,130218.7417,,,
2744,160134.3255,,2744,133028.4373,,,
2745,139102.8354,,2745,126086.318,,,
2746,136285.8415,,2746,91038.83913,,,
2747,141343.284,,2747,167992.6618,,,
2748,125221.9069,,2748,130178.278,,,
2749,128811.504,,2749,109321.521,,,
2750,134065.8832,,2750,137098.7805,,,
2751,135284.6897,,2751,115357.0871,,,
2752,192515.0482,,2752,329920.2025,,,
2753,144417.729,,2753,145348.0548,,,
2754,207036.2954,,2754,177016.5977,,,
2755,132266.7038,,2755,121393.5744,,,
2756,92831.42482,,2756,59160.84515,,,
2757,67707.1374,,2757,55860.05876,,,
2758,86523.8308,,2758,55756.52253,,,
2759,158658.842,,2759,145190.7049,,,
2760,124654.0098,,2760,115189.1743,,,
2761,145240.7842,,2761,146783.5139,,,
2762,142933.4859,,2762,153354.5601,,,
2763,185646.8507,,2763,211652.268,,,
2764,143679.1999,,2764,196774.056,,,
2765,279067.8175,,2765,254791.6773,,,
2766,136548.0182,,2766,127209.0414,,,
2767,86030.00285,,2767,92265.93865,,,
2768,132937.2178,,2768,160985.3519,,,
2769,132371.5395,,2769,141146.6221,,,
2770,137700.5158,,2770,164913.4553,,,
2771,108859.8417,,2771,110575.3768,,,
2772,111518.6524,,2772,129403.7268,,,
2773,168746.6822,,2773,134273.0289,,,
2774,144717.6468,,2774,136657.5216,,,
2775,116399.259,,2775,109706.2411,,,
2776,137641.8735,,2776,121756.4972,,,
2777,141707.1828,,2777,142581.0407,,,
2778,99617.04116,,2778,132198.918,,,
2779,126973.1498,,2779,108433.6084,,,
2780,95237.58946,,2780,112725.3806,,,
2781,95777.07835,,2781,91770.18897,,,
2782,92913.36232,,2782,100998.6352,,,
2783,96722.02877,,2783,95071.31536,,,
2784,121168.9817,,2784,122021.3208,,,
2785,138781.6683,,2785,148527.3684,,,
2786,67271.79515,,2786,48227.7222,,,
2787,126041.5642,,2787,126859.5173,,,
2788,75115.67813,,2788,70008.32555,,,
2789,168840.9205,,2789,195234.2438,,,
2790,92527.56311,,2790,84803.25487,,,
2791,111040.7241,,2791,124682.6963,,,
2792,61720.4987,,2792,82004.9019,,,
2793,166332.5498,,2793,168566.9046,,,
2794,99021.50278,,2794,88915.54402,,,
2795,122268.6717,,2795,127208.6266,,,
2796,98652.28074,,2796,97601.94984,,,
2797,205143.3846,,2797,200301.972,,,
2798,106475.3886,,2798,127124.9054,,,
2799,116797.4954,,2799,135996.4373,,,
2800,65405.33898,,2800,89205.88403,,,
2801,108559.5908,,2801,102854.4644,,,
2802,131784.8376,,2802,164257.4384,,,
2803,167284.7271,,2803,186084.5596,,,
2804,129696.756,,2804,171320.73,,,
2805,100073.3461,,2805,107512.964,,,
2806,81394.10069,,2806,101202.4557,,,
2807,156515.1173,,2807,155098.8511,,,
2808,149683.296,,2808,144925.8681,,,
2809,135309.8525,,2809,124306.6744,,,
2810,128517.1744,,2810,144235.3334,,,
2811,163127.4909,,2811,153934.697,,,
2812,158457.8815,,2812,144643.1966,,,
2813,157281.8037,,2813,164734.1071,,,
2814,155350.2346,,2814,163093.6124,,,
2815,105876.2166,,2815,104764.2373,,,
2816,243640.8784,,2816,242805.7194,,,
2817,154669.9929,,2817,132035.0315,,,
2818,132415.0583,,2818,112632.1443,,,
2819,158734.5715,,2819,156984.5538,,,
2820,139544.6294,,2820,116493.1363,,,
2821,110753.6238,,2821,104664.3522,,,
2822,198409.7659,,2822,169444.4101,,,
2823,314663.1333,,2823,227990.2204,,,
2824,183578.692,,2824,167559.9941,,,
2825,147435.5427,,2825,153273.821,,,
2826,132671.6178,,2826,131435.2029,,,
2827,138383.6287,,2827,153375.2514,,,
2828,218595.5397,,2828,172169.2909,,,
2829,213012.4088,,2829,183316.4204,,,
2830,229521.8364,,2830,243790.5258,,,
2831,175429.2528,,2831,185507.8271,,,
2832,256076.2672,,2832,195953.729,,,
2833,296111.0432,,2833,245287.6551,,,
2834,214811.6672,,2834,216721.6038,,,
2835,218557.8687,,2835,220918.7629,,,
2836,192134.0132,,2836,187673.5998,,,
2837,154620.8391,,2837,135021.7556,,,
2838,151532.0907,,2838,149168.7704,,,
2839,175368.7322,,2839,174299.8456,,,
2840,201863.9351,,2840,186083.7121,,,
2841,205373.7147,,2841,211204.1486,,,
2842,233855.0987,,2842,211465.0527,,,
2843,150303.7327,,2843,157472.5281,,,
2844,167655.6166,,2844,168139.6483,,,
2845,123837.3973,,2845,128816.8818,,,
2846,211300.3834,,2846,210487.5347,,,
2847,205754.4867,,2847,201979.8447,,,
2848,217302.6233,,2848,210138.6919,,,
2849,201324.4761,,2849,207613.3609,,,
2850,279681.6576,,2850,266662.1992,,,
2851,221562.4803,,2851,247862.0447,,,
2852,234833.3372,,2852,223089.9937,,,
2853,237900.2802,,2853,223793.6371,,,
2854,140310.0971,,2854,138970.5664,,,
2855,201853.0781,,2855,189756.9425,,,
2856,200763.5218,,2856,217303.3497,,,
2857,188182.1864,,2857,187622.539,,,
2858,203006.6753,,2858,180217.5329,,,
2859,115301.7841,,2859,122071.4475,,,
2860,126807.3805,,2860,152041.8471,,,
2861,123286.2412,,2861,154610.6567,,,
2862,195441.9203,,2862,187256.5609,,,
2863,128098.8815,,2863,143578.2736,,,
2864,246555.4231,,2864,287614.4343,,,
2865,138517.5167,,2865,144514.893,,,
2866,137920.7414,,2866,138169.1431,,,
2867,98130.19914,,2867,70172.13962,,,
2868,96808.11317,,2868,122743.9497,,,
2869,107600.6698,,2869,130547.3043,,,
2870,121783.5203,,2870,151102.8156,,,
2871,81573.30235,,2871,131950.9121,,,
2872,49117.45964,,2872,48402.97733,,,
2873,99205.42585,,2873,115968.8404,,,
2874,148846.9071,,2874,144597.7608,,,
2875,117160.308,,2875,127023.2273,,,
2876,162096.7497,,2876,148721.6044,,,
2877,144448.8423,,2877,147949.4026,,,
2878,162920.6866,,2878,146466.9077,,,
2879,140999.3743,,2879,133221.7794,,,
2880,104205.7393,,2880,119415.9076,,,
2881,146886.2029,,2881,156114.1939,,,
2882,178444.2872,,2882,143677.0207,,,
2883,194687.0998,,2883,159504.7933,,,
2884,196624.8152,,2884,162406.3105,,,
2885,190091.056,,2885,164372.197,,,
2886,232987.0767,,2886,177541.2382,,,
2887,95654.48324,,2887,110265.3573,,,
2888,138643.8929,,2888,115820.6856,,,
2889,55081.19372,,2889,74237.14845,,,
2890,79807.28669,,2890,86022.16118,,,
2891,134560.8135,,2891,150440.307,,,
2892,49279.46328,,2892,58274.49374,,,
2893,81634.41987,,2893,150370.0262,,,
2894,58320.46313,,2894,51276.23727,,,
2895,328080.8611,,2895,254109.7233,,,
2896,282627.9393,,2896,269301.7187,,,
2897,206512.5258,,2897,196815.961,,,
2898,145888.2827,,2898,177815.9498,,,
2899,211050.7596,,2899,248248.1355,,,
2900,160174.715,,2900,156340.843,,,
2901,205949.7966,,2901,173717.1321,,,
2902,190048.4371,,2902,170230.4924,,,
2903,343178.2897,,2903,349816.4629,,,
2904,353126.184,,2904,316031.4743,,,
2905,88452.59432,,2905,166538.3565,,,
2906,192925.3033,,2906,195630.7169,,,
2907,110486.1667,,2907,119028.733,,,
2908,130083.0573,,2908,126901.5628,,,
2909,147102.1839,,2909,157794.4397,,,
2910,78517.73344,,2910,82812.54426,,,
2911,80919.87056,,2911,80470.12225,,,
2912,144450.4981,,2912,164290.8125,,,
2913,82561.95827,,2913,80299.99293,,,
2914,75563.09405,,2914,80299.99293,,,
2915,84513.851,,2915,80299.99293,,,
2916,82367.159,,2916,80299.99293,,,
2917,167337.6743,,2917,129077.9296,,,
2918,115869.7693,,2918,111844.3608,,,
2919,222522.2213,,2919,244680.5574,,,
